{"$type":"List`1","$values":[{"$id":"1","$type":"ProjectOptionEntry","key":"NetworkCollapsed","context":"{2232342-10240}","value":false},{"$id":"2","$type":"ProjectOptionEntry","key":"RestoreNetworkStates","context":"{2232321-10238}","value":true},{"$id":"3","$type":"ProjectOptionEntry","key":"LastSelection@Siemens.Simatic.PlcLanguages.PLFrame.BasicLanguageEditor","context":"{2232321-10238}","value":{"$id":"4","$type":"SessionState","NetworkStates":{"$id":"5","$type":"Dictionary`2","2":5},"FocusedComponent":4,"ComponentUndoState":{"$id":"6","$type":"FLGViewSessionState","SelectedElements":{"$type":"String[]","$values":["<?xml version=\"1.0\" encoding=\"utf-16\"?><Operand UId=\"148\" RefId=\"0\" OwnerUId=\"145\" ParaNum=\"-1\" Formalname=\"EN\" />"]},"RelevantSettings":null}}},{"$id":"7","$type":"ProjectOptionEntry","key":"NetworkCollapsed","context":"{2232342-14452}","value":false},{"$id":"8","$type":"ProjectOptionEntry","key":"NetworkCollapsed","context":"{2232342-14487}","value":false},{"$id":"9","$type":"ProjectOptionEntry","key":"LastSelection@Siemens.Simatic.PlcLanguages.SCLEditor.SCLEditorView","context":"{2232321-14432}","value":{"$id":"10","$type":"SessionDataUndo","CaretPositionRC":"30, 93"}}]}